voter,candidate,timestamp
voter1,candidateA,2024-06-01T14:56:00
voter2,candidateB,2024-06-01T02:50:00
voter3,candidateB,2024-06-01T05:20:00
voter4,candidateA,2024-06-01T23:51:00
voter5,candidateB,2024-06-01T06:14:00
voter6,candidateB,2024-06-01T08:11:00
voter7,candidateB,2024-06-01T15:10:00
voter8,candidateB,2024-06-01T06:37:00
voter9,candidateA,2024-06-01T19:29:00
voter10,candidateA,2024-06-01T09:05:00
voter11,candidateB,2024-06-01T18:17:00
voter12,candidateA,2024-06-01T16:01:00
voter13,candidateA,2024-06-01T21:29:00
voter14,candidateB,2024-06-01T17:55:00
voter15,candidateA,2024-06-01T19:45:00
voter16,candidateA,2024-06-01T11:28:00
voter17,candidateA,2024-06-01T17:32:00
voter18,candidateB,2024-06-01T11:19:00
voter19,candidateC,2024-06-01T17:29:00
voter20,candidateB,2024-06-01T19:25:00
voter21,candidateB,2024-06-01T10:49:00
voter22,candidateB,2024-06-01T22:14:00
voter23,candidateC,2024-06-01T07:19:00
voter24,candidateB,2024-06-01T18:31:00
voter25,candidateA,2024-06-01T13:56:00
voter26,candidateA,2024-06-01T20:47:00
voter27,candidateB,2024-06-01T17:52:00
voter28,candidateB,2024-06-01T16:40:00
voter29,candidateA,2024-06-01T23:04:00
voter30,candidateC,2024-06-01T19:12:00
voter31,candidateC,2024-06-01T04:49:00
voter32,candidateA,2024-06-01T00:18:00
voter33,candidateC,2024-06-01T22:50:00
voter34,candidateA,2024-06-01T08:23:00
voter35,candidateA,2024-06-01T05:08:00
voter36,candidateB,2024-06-01T02:48:00
voter37,candidateA,2024-06-01T01:01:00
voter38,candidateA,2024-06-01T22:43:00
voter39,candidateB,2024-06-01T23:17:00
voter40,candidateB,2024-06-01T17:14:00
voter41,candidateA,2024-06-01T06:32:00
voter42,candidateA,2024-06-01T23:53:00
voter43,candidateC,2024-06-01T02:52:00
voter44,candidateB,2024-06-01T22:19:00
voter45,candidateA,2024-06-01T01:24:00
voter46,candidateA,2024-06-01T13:56:00
voter47,candidateA,2024-06-01T17:30:00
voter48,candidateB,2024-06-01T10:10:00
voter49,candidateB,2024-06-01T16:06:00
voter50,candidateB,2024-06-01T01:46:00
voter51,candidateA,2024-06-01T03:50:00
voter52,candidateC,2024-06-01T10:44:00
voter53,candidateC,2024-06-01T02:38:00
voter54,candidateC,2024-06-01T01:53:00
voter55,candidateA,2024-06-01T12:49:00
voter56,candidateA,2024-06-01T01:23:00
voter57,candidateA,2024-06-01T01:41:00
voter58,candidateA,2024-06-01T21:33:00
voter59,candidateB,2024-06-01T05:25:00
voter60,candidateB,2024-06-01T04:50:00
voter61,candidateB,2024-06-01T08:51:00
voter62,candidateB,2024-06-01T06:12:00
voter63,candidateA,2024-06-01T07:12:00
voter64,candidateC,2024-06-01T21:13:00
voter65,candidateB,2024-06-01T14:14:00
voter66,candidateC,2024-06-01T12:31:00
voter67,candidateB,2024-06-01T18:07:00
voter68,candidateC,2024-06-01T23:54:00
voter69,candidateA,2024-06-01T00:15:00
voter70,candidateA,2024-06-01T05:40:00
voter71,candidateB,2024-06-01T08:47:00
voter72,candidateC,2024-06-01T23:57:00
voter73,candidateC,2024-06-01T05:28:00
voter74,candidateC,2024-06-01T22:32:00
voter75,candidateA,2024-06-01T01:24:00
voter76,candidateC,2024-06-01T17:35:00
voter77,candidateA,2024-06-01T09:28:00
voter78,candidateB,2024-06-01T15:14:00
voter79,candidateB,2024-06-01T03:53:00
voter80,candidateA,2024-06-01T03:34:00
voter81,candidateC,2024-06-01T06:11:00
voter82,candidateB,2024-06-01T11:55:00
voter83,candidateC,2024-06-01T06:59:00
voter84,candidateA,2024-06-01T15:27:00
voter85,candidateA,2024-06-01T01:06:00
voter86,candidateA,2024-06-01T18:51:00
voter87,candidateA,2024-06-01T23:52:00
voter88,candidateA,2024-06-01T00:45:00
voter89,candidateA,2024-06-01T10:17:00
voter90,candidateB,2024-06-01T16:30:00
voter91,candidateA,2024-06-01T07:48:00
voter92,candidateA,2024-06-01T16:14:00
voter93,candidateC,2024-06-01T22:45:00
voter94,candidateA,2024-06-01T10:28:00
voter95,candidateC,2024-06-01T06:36:00
voter96,candidateA,2024-06-01T13:00:00
voter97,candidateB,2024-06-01T21:52:00
voter98,candidateC,2024-06-01T18:08:00
voter99,candidateA,2024-06-01T00:26:00
voter100,candidateB,2024-06-01T04:31:00
voter101,candidateB,2024-06-01T01:42:00
voter102,candidateC,2024-06-01T02:54:00
voter103,candidateC,2024-06-01T19:08:00
voter104,candidateC,2024-06-01T16:21:00
voter105,candidateA,2024-06-01T02:09:00
voter106,candidateC,2024-06-01T22:00:00
voter107,candidateC,2024-06-01T14:34:00
voter108,candidateC,2024-06-01T00:36:00
voter109,candidateB,2024-06-01T20:24:00
voter110,candidateA,2024-06-01T10:50:00
voter111,candidateA,2024-06-01T07:10:00
voter112,candidateC,2024-06-01T22:23:00
voter113,candidateB,2024-06-01T22:25:00
voter114,candidateA,2024-06-01T13:02:00
voter115,candidateC,2024-06-01T16:51:00
voter116,candidateA,2024-06-01T10:25:00
voter117,candidateA,2024-06-01T12:44:00
voter118,candidateB,2024-06-01T13:14:00
voter119,candidateB,2024-06-01T07:25:00
voter120,candidateC,2024-06-01T11:39:00
voter121,candidateC,2024-06-01T18:28:00
voter122,candidateB,2024-06-01T23:12:00
voter123,candidateC,2024-06-01T03:45:00
voter124,candidateC,2024-06-01T04:03:00
voter125,candidateC,2024-06-01T00:54:00
voter126,candidateB,2024-06-01T12:20:00
voter127,candidateA,2024-06-01T18:17:00
voter128,candidateB,2024-06-01T01:51:00
voter129,candidateA,2024-06-01T21:44:00
voter130,candidateC,2024-06-01T07:38:00
voter131,candidateC,2024-06-01T14:06:00
voter132,candidateC,2024-06-01T16:30:00
voter133,candidateB,2024-06-01T19:20:00
voter134,candidateA,2024-06-01T10:37:00
voter135,candidateA,2024-06-01T07:35:00
voter136,candidateA,2024-06-01T01:43:00
voter137,candidateA,2024-06-01T16:22:00
voter138,candidateA,2024-06-01T18:49:00
voter139,candidateB,2024-06-01T07:01:00
voter140,candidateB,2024-06-01T20:44:00
voter141,candidateC,2024-06-01T03:32:00
voter142,candidateC,2024-06-01T21:15:00
voter143,candidateC,2024-06-01T04:23:00
voter144,candidateC,2024-06-01T11:34:00
voter145,candidateB,2024-06-01T08:58:00
voter146,candidateB,2024-06-01T15:37:00
voter147,candidateC,2024-06-01T10:15:00
voter148,candidateA,2024-06-01T05:40:00
voter149,candidateC,2024-06-01T19:00:00
voter150,candidateC,2024-06-01T02:46:00
voter151,candidateC,2024-06-01T17:24:00
voter152,candidateC,2024-06-01T12:42:00
voter153,candidateA,2024-06-01T17:01:00
voter154,candidateB,2024-06-01T11:59:00
voter155,candidateB,2024-06-01T11:14:00
voter156,candidateA,2024-06-01T16:35:00
voter157,candidateC,2024-06-01T09:46:00
voter158,candidateA,2024-06-01T11:48:00
voter159,candidateA,2024-06-01T08:19:00
voter160,candidateB,2024-06-01T11:17:00
voter161,candidateC,2024-06-01T18:30:00
voter162,candidateA,2024-06-01T05:22:00
voter163,candidateB,2024-06-01T00:06:00
voter164,candidateB,2024-06-01T01:08:00
voter165,candidateA,2024-06-01T17:14:00
voter166,candidateC,2024-06-01T07:52:00
voter167,candidateB,2024-06-01T10:16:00
voter168,candidateB,2024-06-01T11:28:00
voter169,candidateC,2024-06-01T17:05:00
voter170,candidateB,2024-06-01T16:37:00
voter171,candidateC,2024-06-01T14:12:00
voter172,candidateC,2024-06-01T13:44:00
voter173,candidateA,2024-06-01T21:23:00
voter174,candidateB,2024-06-01T07:59:00
voter175,candidateC,2024-06-01T18:05:00
voter176,candidateA,2024-06-01T20:59:00
voter177,candidateB,2024-06-01T12:53:00
voter178,candidateC,2024-06-01T13:12:00
voter179,candidateA,2024-06-01T17:25:00
voter180,candidateA,2024-06-01T17:24:00
voter181,candidateC,2024-06-01T17:00:00
voter182,candidateA,2024-06-01T02:49:00
voter183,candidateA,2024-06-01T10:48:00
voter184,candidateA,2024-06-01T13:16:00
voter185,candidateC,2024-06-01T16:32:00
voter186,candidateC,2024-06-01T06:00:00
voter187,candidateC,2024-06-01T02:08:00
voter188,candidateA,2024-06-01T00:03:00
voter189,candidateB,2024-06-01T15:18:00
voter190,candidateA,2024-06-01T02:34:00
voter191,candidateC,2024-06-01T19:13:00
voter192,candidateB,2024-06-01T12:05:00
voter193,candidateC,2024-06-01T10:10:00
voter194,candidateA,2024-06-01T05:48:00
voter195,candidateB,2024-06-01T13:05:00
voter196,candidateC,2024-06-01T03:54:00
voter197,candidateB,2024-06-01T21:29:00
voter198,candidateC,2024-06-01T01:59:00
voter199,candidateB,2024-06-01T22:25:00
voter200,candidateB,2024-06-01T00:31:00
voter201,candidateB,2024-06-01T02:54:00
voter202,candidateB,2024-06-01T22:35:00
voter203,candidateB,2024-06-01T18:34:00
voter204,candidateC,2024-06-01T16:18:00
voter205,candidateA,2024-06-01T10:58:00
voter206,candidateA,2024-06-01T18:06:00
voter207,candidateB,2024-06-01T07:14:00
voter208,candidateC,2024-06-01T17:00:00
voter209,candidateC,2024-06-01T01:31:00
voter210,candidateB,2024-06-01T08:29:00
voter211,candidateC,2024-06-01T09:35:00
voter212,candidateC,2024-06-01T07:53:00
voter213,candidateA,2024-06-01T04:54:00
voter214,candidateC,2024-06-01T17:31:00
voter215,candidateB,2024-06-01T03:39:00
voter216,candidateB,2024-06-01T17:27:00
voter217,candidateA,2024-06-01T14:46:00
voter218,candidateC,2024-06-01T09:29:00
voter219,candidateA,2024-06-01T23:17:00
voter220,candidateB,2024-06-01T07:17:00
voter221,candidateB,2024-06-01T10:51:00
voter222,candidateC,2024-06-01T01:36:00
voter223,candidateC,2024-06-01T22:46:00
voter224,candidateB,2024-06-01T04:59:00
voter225,candidateC,2024-06-01T13:38:00
voter226,candidateB,2024-06-01T22:27:00
voter227,candidateC,2024-06-01T19:46:00
voter228,candidateA,2024-06-01T02:46:00
voter229,candidateA,2024-06-01T23:31:00
voter230,candidateB,2024-06-01T15:44:00
voter231,candidateC,2024-06-01T05:24:00
voter232,candidateC,2024-06-01T20:01:00
voter233,candidateB,2024-06-01T09:06:00
voter234,candidateC,2024-06-01T19:59:00
voter235,candidateA,2024-06-01T20:53:00
voter236,candidateA,2024-06-01T10:42:00
voter237,candidateB,2024-06-01T06:06:00
voter238,candidateB,2024-06-01T22:31:00
voter239,candidateA,2024-06-01T23:14:00
voter240,candidateB,2024-06-01T15:50:00
voter241,candidateB,2024-06-01T04:23:00
voter242,candidateB,2024-06-01T08:42:00
voter243,candidateB,2024-06-01T13:11:00
voter244,candidateC,2024-06-01T11:17:00
voter245,candidateA,2024-06-01T17:19:00
voter246,candidateC,2024-06-01T18:18:00
voter247,candidateB,2024-06-01T21:39:00
voter248,candidateC,2024-06-01T00:45:00
voter249,candidateA,2024-06-01T07:06:00
voter250,candidateB,2024-06-01T03:03:00
voter251,candidateA,2024-06-01T18:27:00
voter252,candidateB,2024-06-01T17:39:00
voter253,candidateB,2024-06-01T22:59:00
voter254,candidateA,2024-06-01T01:39:00
voter255,candidateB,2024-06-01T20:59:00
voter256,candidateA,2024-06-01T19:49:00
voter257,candidateA,2024-06-01T00:41:00
voter258,candidateB,2024-06-01T01:08:00
voter259,candidateA,2024-06-01T12:27:00
voter260,candidateB,2024-06-01T03:06:00
voter261,candidateB,2024-06-01T02:54:00
voter262,candidateB,2024-06-01T18:11:00
voter263,candidateC,2024-06-01T08:36:00
voter264,candidateB,2024-06-01T12:45:00
voter265,candidateC,2024-06-01T21:13:00
voter266,candidateC,2024-06-01T03:17:00
voter267,candidateA,2024-06-01T21:47:00
voter268,candidateB,2024-06-01T20:14:00
voter269,candidateA,2024-06-01T05:02:00
voter270,candidateB,2024-06-01T14:56:00
voter271,candidateB,2024-06-01T22:27:00
voter272,candidateB,2024-06-01T11:14:00
voter273,candidateA,2024-06-01T05:34:00
voter274,candidateA,2024-06-01T08:02:00
voter275,candidateC,2024-06-01T22:08:00
voter276,candidateB,2024-06-01T09:56:00
voter277,candidateA,2024-06-01T03:13:00
voter278,candidateA,2024-06-01T11:41:00
voter279,candidateA,2024-06-01T08:55:00
voter280,candidateB,2024-06-01T02:12:00
voter281,candidateC,2024-06-01T01:24:00
voter282,candidateB,2024-06-01T04:09:00
voter283,candidateB,2024-06-01T04:30:00
voter284,candidateB,2024-06-01T14:04:00
voter285,candidateC,2024-06-01T07:35:00
voter286,candidateA,2024-06-01T08:53:00
voter287,candidateC,2024-06-01T12:58:00
voter288,candidateB,2024-06-01T11:49:00
voter289,candidateB,2024-06-01T06:20:00
voter290,candidateB,2024-06-01T14:58:00
voter291,candidateC,2024-06-01T06:48:00
voter292,candidateA,2024-06-01T11:04:00
voter293,candidateA,2024-06-01T14:12:00
voter294,candidateA,2024-06-01T21:59:00
voter295,candidateC,2024-06-01T05:34:00
voter296,candidateC,2024-06-01T03:02:00
voter297,candidateC,2024-06-01T02:06:00
voter298,candidateA,2024-06-01T07:03:00
voter299,candidateB,2024-06-01T09:31:00
voter300,candidateC,2024-06-01T16:01:00
voter301,candidateB,2024-06-01T03:46:00
voter302,candidateA,2024-06-01T03:51:00
voter303,candidateB,2024-06-01T01:47:00
voter304,candidateB,2024-06-01T14:26:00
voter305,candidateB,2024-06-01T22:28:00
voter306,candidateC,2024-06-01T18:46:00
voter307,candidateA,2024-06-01T16:43:00
voter308,candidateB,2024-06-01T05:41:00
voter309,candidateA,2024-06-01T08:35:00
voter310,candidateA,2024-06-01T22:11:00
voter311,candidateB,2024-06-01T12:04:00
voter312,candidateC,2024-06-01T11:17:00
voter313,candidateA,2024-06-01T09:06:00
voter314,candidateA,2024-06-01T01:05:00
voter315,candidateC,2024-06-01T03:51:00
voter316,candidateC,2024-06-01T20:22:00
voter317,candidateB,2024-06-01T21:39:00
voter318,candidateA,2024-06-01T05:23:00
voter319,candidateC,2024-06-01T23:26:00
voter320,candidateA,2024-06-01T08:16:00
voter321,candidateB,2024-06-01T21:54:00
voter322,candidateC,2024-06-01T20:03:00
voter323,candidateA,2024-06-01T02:35:00
voter324,candidateA,2024-06-01T09:21:00
voter325,candidateA,2024-06-01T22:22:00
voter326,candidateB,2024-06-01T08:50:00
voter327,candidateC,2024-06-01T15:40:00
voter328,candidateC,2024-06-01T15:19:00
voter329,candidateC,2024-06-01T15:07:00
voter330,candidateB,2024-06-01T14:53:00
voter331,candidateC,2024-06-01T00:53:00
voter332,candidateA,2024-06-01T21:44:00
voter333,candidateA,2024-06-01T22:32:00
voter334,candidateB,2024-06-01T06:36:00
voter335,candidateC,2024-06-01T02:17:00
voter336,candidateB,2024-06-01T14:21:00
voter337,candidateB,2024-06-01T05:22:00
voter338,candidateB,2024-06-01T02:41:00
voter339,candidateC,2024-06-01T04:16:00
voter340,candidateA,2024-06-01T00:49:00
voter341,candidateB,2024-06-01T11:59:00
voter342,candidateC,2024-06-01T14:36:00
voter343,candidateB,2024-06-01T12:06:00
voter344,candidateB,2024-06-01T12:50:00
voter345,candidateC,2024-06-01T21:12:00
voter346,candidateA,2024-06-01T15:35:00
voter347,candidateB,2024-06-01T00:56:00
voter348,candidateA,2024-06-01T09:27:00
voter349,candidateC,2024-06-01T17:15:00
voter350,candidateC,2024-06-01T10:00:00
voter351,candidateB,2024-06-01T07:04:00
voter352,candidateB,2024-06-01T14:36:00
voter353,candidateB,2024-06-01T01:51:00
voter354,candidateC,2024-06-01T14:16:00
voter355,candidateC,2024-06-01T01:07:00
voter356,candidateC,2024-06-01T00:04:00
voter357,candidateC,2024-06-01T01:33:00
voter358,candidateC,2024-06-01T21:59:00
voter359,candidateB,2024-06-01T01:29:00
voter360,candidateC,2024-06-01T17:34:00
voter361,candidateB,2024-06-01T21:39:00
voter362,candidateA,2024-06-01T18:06:00
voter363,candidateB,2024-06-01T20:33:00
voter364,candidateA,2024-06-01T02:46:00
voter365,candidateB,2024-06-01T14:12:00
voter366,candidateA,2024-06-01T17:50:00
voter367,candidateC,2024-06-01T18:45:00
voter368,candidateC,2024-06-01T04:40:00
voter369,candidateC,2024-06-01T00:43:00
voter370,candidateA,2024-06-01T14:46:00
voter371,candidateC,2024-06-01T04:20:00
voter372,candidateA,2024-06-01T18:03:00
voter373,candidateA,2024-06-01T05:23:00
voter374,candidateA,2024-06-01T13:24:00
voter375,candidateC,2024-06-01T05:19:00
voter376,candidateC,2024-06-01T15:50:00
voter377,candidateC,2024-06-01T21:31:00
voter378,candidateA,2024-06-01T11:55:00
voter379,candidateA,2024-06-01T12:02:00
voter380,candidateC,2024-06-01T09:00:00
voter381,candidateC,2024-06-01T19:04:00
voter382,candidateA,2024-06-01T07:23:00
voter383,candidateA,2024-06-01T18:22:00
voter384,candidateC,2024-06-01T05:12:00
voter385,candidateB,2024-06-01T02:57:00
voter386,candidateC,2024-06-01T01:27:00
voter387,candidateB,2024-06-01T18:15:00
voter388,candidateC,2024-06-01T17:45:00
voter389,candidateA,2024-06-01T23:57:00
voter390,candidateB,2024-06-01T00:29:00
voter391,candidateA,2024-06-01T22:46:00
voter392,candidateB,2024-06-01T08:09:00
voter393,candidateC,2024-06-01T10:49:00
voter394,candidateC,2024-06-01T03:46:00
voter395,candidateC,2024-06-01T09:01:00
voter396,candidateA,2024-06-01T03:30:00
voter397,candidateA,2024-06-01T03:49:00
voter398,candidateA,2024-06-01T20:34:00
voter399,candidateA,2024-06-01T07:44:00
voter400,candidateC,2024-06-01T14:58:00
voter401,candidateB,2024-06-01T00:03:00
voter402,candidateA,2024-06-01T20:24:00
voter403,candidateC,2024-06-01T05:30:00
voter404,candidateC,2024-06-01T00:46:00
voter405,candidateA,2024-06-01T20:32:00
voter406,candidateB,2024-06-01T05:56:00
voter407,candidateA,2024-06-01T21:18:00
voter408,candidateB,2024-06-01T17:31:00
voter409,candidateA,2024-06-01T08:31:00
voter410,candidateA,2024-06-01T03:31:00
voter411,candidateA,2024-06-01T00:16:00
voter412,candidateA,2024-06-01T08:25:00
voter413,candidateC,2024-06-01T08:53:00
voter414,candidateC,2024-06-01T02:41:00
voter415,candidateB,2024-06-01T01:55:00
voter416,candidateA,2024-06-01T09:38:00
voter417,candidateC,2024-06-01T08:57:00
voter418,candidateA,2024-06-01T19:18:00
voter419,candidateC,2024-06-01T05:42:00
voter420,candidateC,2024-06-01T21:37:00
voter421,candidateA,2024-06-01T07:16:00
voter422,candidateA,2024-06-01T11:53:00
voter423,candidateC,2024-06-01T23:53:00
voter424,candidateC,2024-06-01T18:55:00
voter425,candidateA,2024-06-01T13:22:00
voter426,candidateA,2024-06-01T16:23:00
voter427,candidateB,2024-06-01T18:59:00
voter428,candidateA,2024-06-01T00:53:00
voter429,candidateC,2024-06-01T20:17:00
voter430,candidateB,2024-06-01T06:46:00
voter431,candidateB,2024-06-01T01:34:00
voter432,candidateA,2024-06-01T15:01:00
voter433,candidateA,2024-06-01T17:38:00
voter434,candidateC,2024-06-01T23:18:00
voter435,candidateA,2024-06-01T03:09:00
voter436,candidateB,2024-06-01T00:22:00
voter437,candidateC,2024-06-01T02:54:00
voter438,candidateB,2024-06-01T18:01:00
voter439,candidateA,2024-06-01T17:25:00
voter440,candidateC,2024-06-01T12:44:00
voter441,candidateA,2024-06-01T13:23:00
voter442,candidateB,2024-06-01T03:58:00
voter443,candidateA,2024-06-01T23:00:00
voter444,candidateC,2024-06-01T01:40:00
voter445,candidateB,2024-06-01T13:24:00
voter446,candidateA,2024-06-01T23:26:00
voter447,candidateC,2024-06-01T22:10:00
voter448,candidateA,2024-06-01T23:23:00
voter449,candidateC,2024-06-01T08:14:00
voter450,candidateC,2024-06-01T23:34:00
voter451,candidateA,2024-06-01T10:44:00
voter452,candidateC,2024-06-01T17:22:00
voter453,candidateA,2024-06-01T19:35:00
voter454,candidateC,2024-06-01T01:28:00
voter455,candidateA,2024-06-01T13:15:00
voter456,candidateA,2024-06-01T06:21:00
voter457,candidateB,2024-06-01T19:45:00
voter458,candidateB,2024-06-01T04:52:00
voter459,candidateB,2024-06-01T20:08:00
voter460,candidateB,2024-06-01T11:36:00
voter461,candidateC,2024-06-01T01:13:00
voter462,candidateC,2024-06-01T17:30:00
voter463,candidateC,2024-06-01T05:54:00
voter464,candidateA,2024-06-01T19:41:00
voter465,candidateA,2024-06-01T12:11:00
voter466,candidateA,2024-06-01T00:23:00
voter467,candidateC,2024-06-01T07:05:00
voter468,candidateA,2024-06-01T05:01:00
voter469,candidateA,2024-06-01T14:41:00
voter470,candidateA,2024-06-01T04:39:00
voter471,candidateA,2024-06-01T00:56:00
voter472,candidateC,2024-06-01T02:50:00
voter473,candidateC,2024-06-01T05:07:00
voter474,candidateC,2024-06-01T04:05:00
voter475,candidateA,2024-06-01T09:21:00
voter476,candidateA,2024-06-01T17:01:00
voter477,candidateC,2024-06-01T17:01:00
voter478,candidateA,2024-06-01T19:20:00
voter479,candidateA,2024-06-01T04:59:00
voter480,candidateA,2024-06-01T18:23:00
voter481,candidateB,2024-06-01T10:53:00
voter482,candidateB,2024-06-01T16:03:00
voter483,candidateB,2024-06-01T19:27:00
voter484,candidateA,2024-06-01T16:11:00
voter485,candidateC,2024-06-01T02:13:00
voter486,candidateA,2024-06-01T01:30:00
voter487,candidateA,2024-06-01T05:34:00
voter488,candidateA,2024-06-01T02:08:00
voter489,candidateA,2024-06-01T07:41:00
voter490,candidateA,2024-06-01T00:27:00
voter491,candidateB,2024-06-01T05:12:00
voter492,candidateC,2024-06-01T18:20:00
voter493,candidateA,2024-06-01T05:55:00
voter494,candidateC,2024-06-01T23:09:00
voter495,candidateA,2024-06-01T10:12:00
voter496,candidateC,2024-06-01T19:39:00
voter497,candidateC,2024-06-01T21:12:00
voter498,candidateA,2024-06-01T06:26:00
voter499,candidateC,2024-06-01T21:40:00
voter500,candidateA,2024-06-01T11:06:00
voter501,candidateA,2024-06-01T10:39:00
voter502,candidateA,2024-06-01T12:45:00
voter503,candidateC,2024-06-01T15:59:00
voter504,candidateB,2024-06-01T22:51:00
voter505,candidateC,2024-06-01T23:47:00
voter506,candidateC,2024-06-01T01:29:00
voter507,candidateC,2024-06-01T07:43:00
voter508,candidateB,2024-06-01T23:51:00
voter509,candidateB,2024-06-01T23:00:00
voter510,candidateB,2024-06-01T05:55:00
voter511,candidateC,2024-06-01T19:40:00
voter512,candidateA,2024-06-01T12:03:00
voter513,candidateA,2024-06-01T02:31:00
voter514,candidateC,2024-06-01T21:18:00
voter515,candidateA,2024-06-01T23:43:00
voter516,candidateB,2024-06-01T21:00:00
voter517,candidateC,2024-06-01T19:02:00
voter518,candidateA,2024-06-01T19:37:00
voter519,candidateC,2024-06-01T22:54:00
voter520,candidateB,2024-06-01T22:56:00
voter521,candidateC,2024-06-01T01:38:00
voter522,candidateC,2024-06-01T06:06:00
voter523,candidateC,2024-06-01T18:31:00
voter524,candidateA,2024-06-01T05:21:00
voter525,candidateC,2024-06-01T06:40:00
voter526,candidateC,2024-06-01T13:08:00
voter527,candidateA,2024-06-01T16:08:00
voter528,candidateC,2024-06-01T17:54:00
voter529,candidateC,2024-06-01T19:26:00
voter530,candidateB,2024-06-01T16:04:00
voter531,candidateB,2024-06-01T08:29:00
voter532,candidateA,2024-06-01T08:05:00
voter533,candidateC,2024-06-01T15:22:00
voter534,candidateC,2024-06-01T16:22:00
voter535,candidateB,2024-06-01T16:08:00
voter536,candidateB,2024-06-01T02:48:00
voter537,candidateC,2024-06-01T09:11:00
voter538,candidateA,2024-06-01T12:06:00
voter539,candidateA,2024-06-01T04:10:00
voter540,candidateA,2024-06-01T13:30:00
voter541,candidateA,2024-06-01T12:59:00
voter542,candidateA,2024-06-01T14:48:00
voter543,candidateC,2024-06-01T17:57:00
voter544,candidateA,2024-06-01T14:13:00
voter545,candidateC,2024-06-01T01:33:00
voter546,candidateB,2024-06-01T08:31:00
voter547,candidateC,2024-06-01T19:28:00
voter548,candidateB,2024-06-01T00:16:00
voter549,candidateB,2024-06-01T01:10:00
voter550,candidateC,2024-06-01T10:24:00
voter551,candidateA,2024-06-01T10:32:00
voter552,candidateA,2024-06-01T16:26:00
voter553,candidateA,2024-06-01T15:37:00
voter554,candidateC,2024-06-01T22:34:00
voter555,candidateA,2024-06-01T02:15:00
voter556,candidateA,2024-06-01T00:49:00
voter557,candidateB,2024-06-01T16:21:00
voter558,candidateB,2024-06-01T23:02:00
voter559,candidateB,2024-06-01T18:58:00
voter560,candidateB,2024-06-01T06:29:00
voter561,candidateC,2024-06-01T03:33:00
voter562,candidateB,2024-06-01T02:14:00
voter563,candidateB,2024-06-01T20:41:00
voter564,candidateA,2024-06-01T04:57:00
voter565,candidateB,2024-06-01T13:29:00
voter566,candidateA,2024-06-01T12:26:00
voter567,candidateB,2024-06-01T19:26:00
voter568,candidateB,2024-06-01T21:40:00
voter569,candidateA,2024-06-01T04:38:00
voter570,candidateC,2024-06-01T22:29:00
voter571,candidateB,2024-06-01T01:57:00
voter572,candidateA,2024-06-01T22:49:00
voter573,candidateB,2024-06-01T01:19:00
voter574,candidateA,2024-06-01T02:27:00
voter575,candidateC,2024-06-01T09:16:00
voter576,candidateA,2024-06-01T11:21:00
voter577,candidateC,2024-06-01T02:11:00
voter578,candidateB,2024-06-01T04:42:00
voter579,candidateC,2024-06-01T05:35:00
voter580,candidateC,2024-06-01T06:23:00
voter581,candidateC,2024-06-01T14:53:00
voter582,candidateB,2024-06-01T01:56:00
voter583,candidateC,2024-06-01T12:40:00
voter584,candidateC,2024-06-01T22:58:00
voter585,candidateC,2024-06-01T07:49:00
voter586,candidateA,2024-06-01T00:31:00
voter587,candidateC,2024-06-01T01:53:00
voter588,candidateA,2024-06-01T22:07:00
voter589,candidateC,2024-06-01T08:56:00
voter590,candidateA,2024-06-01T06:05:00
voter591,candidateC,2024-06-01T01:54:00
voter592,candidateB,2024-06-01T11:23:00
voter593,candidateA,2024-06-01T06:01:00
voter594,candidateC,2024-06-01T03:47:00
voter595,candidateA,2024-06-01T15:59:00
voter596,candidateA,2024-06-01T19:27:00
voter597,candidateC,2024-06-01T15:41:00
voter598,candidateC,2024-06-01T22:28:00
voter599,candidateC,2024-06-01T10:29:00
voter600,candidateB,2024-06-01T01:51:00
voter601,candidateA,2024-06-01T01:20:00
voter602,candidateC,2024-06-01T16:18:00
voter603,candidateB,2024-06-01T21:27:00
voter604,candidateA,2024-06-01T20:42:00
voter605,candidateB,2024-06-01T21:50:00
voter606,candidateB,2024-06-01T23:52:00
voter607,candidateB,2024-06-01T02:51:00
voter608,candidateB,2024-06-01T19:43:00
voter609,candidateB,2024-06-01T13:08:00
voter610,candidateA,2024-06-01T12:16:00
voter611,candidateA,2024-06-01T03:28:00
voter612,candidateA,2024-06-01T06:56:00
voter613,candidateA,2024-06-01T16:56:00
voter614,candidateC,2024-06-01T14:04:00
voter615,candidateC,2024-06-01T19:00:00
voter616,candidateB,2024-06-01T10:35:00
voter617,candidateB,2024-06-01T09:49:00
voter618,candidateA,2024-06-01T01:34:00
voter619,candidateB,2024-06-01T02:23:00
voter620,candidateB,2024-06-01T20:48:00
voter621,candidateC,2024-06-01T20:43:00
voter622,candidateB,2024-06-01T14:16:00
voter623,candidateC,2024-06-01T08:27:00
voter624,candidateA,2024-06-01T16:16:00
voter625,candidateC,2024-06-01T08:24:00
voter626,candidateC,2024-06-01T13:29:00
voter627,candidateB,2024-06-01T13:16:00
voter628,candidateA,2024-06-01T12:44:00
voter629,candidateA,2024-06-01T18:17:00
voter630,candidateB,2024-06-01T22:11:00
voter631,candidateB,2024-06-01T20:10:00
voter632,candidateB,2024-06-01T19:40:00
voter633,candidateA,2024-06-01T10:39:00
voter634,candidateA,2024-06-01T02:15:00
voter635,candidateB,2024-06-01T17:17:00
voter636,candidateC,2024-06-01T09:45:00
voter637,candidateB,2024-06-01T19:24:00
voter638,candidateC,2024-06-01T16:43:00
voter639,candidateB,2024-06-01T00:01:00
voter640,candidateC,2024-06-01T02:14:00
voter641,candidateA,2024-06-01T18:09:00
voter642,candidateA,2024-06-01T18:11:00
voter643,candidateB,2024-06-01T04:36:00
voter644,candidateA,2024-06-01T09:28:00
voter645,candidateB,2024-06-01T03:27:00
voter646,candidateB,2024-06-01T22:31:00
voter647,candidateC,2024-06-01T15:17:00
voter648,candidateA,2024-06-01T14:00:00
voter649,candidateA,2024-06-01T16:01:00
voter650,candidateA,2024-06-01T08:48:00
voter651,candidateB,2024-06-01T04:53:00
voter652,candidateB,2024-06-01T20:09:00
voter653,candidateA,2024-06-01T06:50:00
voter654,candidateC,2024-06-01T08:50:00
voter655,candidateC,2024-06-01T12:22:00
voter656,candidateC,2024-06-01T17:07:00
voter657,candidateA,2024-06-01T20:09:00
voter658,candidateB,2024-06-01T09:25:00
voter659,candidateB,2024-06-01T18:27:00
voter660,candidateA,2024-06-01T05:27:00
voter661,candidateC,2024-06-01T14:40:00
voter662,candidateC,2024-06-01T00:22:00
voter663,candidateA,2024-06-01T09:54:00
voter664,candidateC,2024-06-01T09:10:00
voter665,candidateA,2024-06-01T06:36:00
voter666,candidateC,2024-06-01T06:37:00
voter667,candidateC,2024-06-01T11:12:00
voter668,candidateC,2024-06-01T00:04:00
voter669,candidateC,2024-06-01T03:51:00
voter670,candidateC,2024-06-01T22:11:00
voter671,candidateB,2024-06-01T01:45:00
voter672,candidateC,2024-06-01T08:08:00
voter673,candidateB,2024-06-01T01:33:00
voter674,candidateC,2024-06-01T07:10:00
voter675,candidateA,2024-06-01T09:54:00
voter676,candidateA,2024-06-01T14:42:00
voter677,candidateA,2024-06-01T18:24:00
voter678,candidateB,2024-06-01T22:29:00
voter679,candidateC,2024-06-01T14:45:00
voter680,candidateC,2024-06-01T20:45:00
voter681,candidateA,2024-06-01T05:46:00
voter682,candidateC,2024-06-01T21:25:00
voter683,candidateB,2024-06-01T00:24:00
voter684,candidateB,2024-06-01T17:11:00
voter685,candidateC,2024-06-01T21:11:00
voter686,candidateB,2024-06-01T08:32:00
voter687,candidateA,2024-06-01T04:37:00
voter688,candidateC,2024-06-01T13:10:00
voter689,candidateA,2024-06-01T00:04:00
voter690,candidateC,2024-06-01T00:05:00
voter691,candidateA,2024-06-01T20:03:00
voter692,candidateB,2024-06-01T10:12:00
voter693,candidateC,2024-06-01T13:46:00
voter694,candidateB,2024-06-01T10:32:00
voter695,candidateA,2024-06-01T22:53:00
voter696,candidateC,2024-06-01T19:34:00
voter697,candidateA,2024-06-01T13:08:00
voter698,candidateA,2024-06-01T18:56:00
voter699,candidateA,2024-06-01T23:24:00
voter700,candidateB,2024-06-01T05:28:00
voter701,candidateA,2024-06-01T10:55:00
voter702,candidateA,2024-06-01T02:53:00
voter703,candidateC,2024-06-01T03:19:00
voter704,candidateB,2024-06-01T06:31:00
voter705,candidateA,2024-06-01T09:24:00
voter706,candidateA,2024-06-01T00:43:00
voter707,candidateA,2024-06-01T13:55:00
voter708,candidateA,2024-06-01T18:38:00
voter709,candidateC,2024-06-01T11:42:00
voter710,candidateB,2024-06-01T02:42:00
voter711,candidateC,2024-06-01T10:17:00
voter712,candidateA,2024-06-01T19:57:00
voter713,candidateA,2024-06-01T01:28:00
voter714,candidateC,2024-06-01T21:36:00
voter715,candidateA,2024-06-01T03:54:00
voter716,candidateA,2024-06-01T18:15:00
voter717,candidateA,2024-06-01T23:12:00
voter718,candidateA,2024-06-01T20:37:00
voter719,candidateC,2024-06-01T21:05:00
voter720,candidateA,2024-06-01T15:39:00
voter721,candidateC,2024-06-01T07:04:00
voter722,candidateB,2024-06-01T08:49:00
voter723,candidateB,2024-06-01T03:35:00
voter724,candidateC,2024-06-01T15:24:00
voter725,candidateA,2024-06-01T17:03:00
voter726,candidateC,2024-06-01T07:51:00
voter727,candidateB,2024-06-01T03:33:00
voter728,candidateB,2024-06-01T05:29:00
voter729,candidateB,2024-06-01T02:27:00
voter730,candidateA,2024-06-01T14:13:00
voter731,candidateB,2024-06-01T09:30:00
voter732,candidateA,2024-06-01T10:23:00
voter733,candidateC,2024-06-01T08:55:00
voter734,candidateB,2024-06-01T12:52:00
voter735,candidateA,2024-06-01T12:25:00
voter736,candidateC,2024-06-01T05:34:00
voter737,candidateA,2024-06-01T23:24:00
voter738,candidateC,2024-06-01T14:20:00
voter739,candidateA,2024-06-01T00:58:00
voter740,candidateC,2024-06-01T17:35:00
voter741,candidateB,2024-06-01T17:42:00
voter742,candidateC,2024-06-01T22:33:00
voter743,candidateA,2024-06-01T04:35:00
voter744,candidateC,2024-06-01T23:33:00
voter745,candidateB,2024-06-01T01:14:00
voter746,candidateB,2024-06-01T05:41:00
voter747,candidateA,2024-06-01T00:00:00
voter748,candidateB,2024-06-01T18:29:00
voter749,candidateB,2024-06-01T22:59:00
voter750,candidateB,2024-06-01T12:35:00
voter751,candidateC,2024-06-01T03:16:00
voter752,candidateB,2024-06-01T15:37:00
voter753,candidateC,2024-06-01T17:14:00
voter754,candidateB,2024-06-01T21:25:00
voter755,candidateB,2024-06-01T13:25:00
voter756,candidateA,2024-06-01T17:39:00
voter757,candidateA,2024-06-01T07:32:00
voter758,candidateC,2024-06-01T05:05:00
voter759,candidateA,2024-06-01T15:06:00
voter760,candidateC,2024-06-01T00:56:00
voter761,candidateA,2024-06-01T17:23:00
voter762,candidateA,2024-06-01T22:36:00
voter763,candidateC,2024-06-01T01:27:00
voter764,candidateC,2024-06-01T07:03:00
voter765,candidateA,2024-06-01T03:16:00
voter766,candidateB,2024-06-01T22:10:00
voter767,candidateA,2024-06-01T05:13:00
voter768,candidateA,2024-06-01T18:39:00
voter769,candidateC,2024-06-01T13:39:00
voter770,candidateB,2024-06-01T06:30:00
voter771,candidateC,2024-06-01T19:46:00
voter772,candidateA,2024-06-01T21:34:00
voter773,candidateA,2024-06-01T04:31:00
voter774,candidateB,2024-06-01T07:29:00
voter775,candidateB,2024-06-01T09:21:00
voter776,candidateA,2024-06-01T09:56:00
voter777,candidateB,2024-06-01T07:18:00
voter778,candidateC,2024-06-01T10:44:00
voter779,candidateC,2024-06-01T09:00:00
voter780,candidateA,2024-06-01T10:41:00
voter781,candidateB,2024-06-01T11:28:00
voter782,candidateA,2024-06-01T08:49:00
voter783,candidateA,2024-06-01T18:35:00
voter784,candidateC,2024-06-01T19:51:00
voter785,candidateA,2024-06-01T09:21:00
voter786,candidateB,2024-06-01T15:02:00
voter787,candidateC,2024-06-01T13:03:00
voter788,candidateC,2024-06-01T09:00:00
voter789,candidateA,2024-06-01T13:05:00
voter790,candidateA,2024-06-01T05:05:00
voter791,candidateC,2024-06-01T01:49:00
voter792,candidateC,2024-06-01T14:50:00
voter793,candidateA,2024-06-01T17:51:00
voter794,candidateC,2024-06-01T04:40:00
voter795,candidateB,2024-06-01T13:31:00
voter796,candidateA,2024-06-01T15:54:00
voter797,candidateA,2024-06-01T20:02:00
voter798,candidateB,2024-06-01T13:48:00
voter799,candidateA,2024-06-01T00:06:00
voter800,candidateA,2024-06-01T00:01:00
voter801,candidateB,2024-06-01T16:04:00
voter802,candidateC,2024-06-01T09:55:00
voter803,candidateA,2024-06-01T13:23:00
voter804,candidateB,2024-06-01T22:12:00
voter805,candidateC,2024-06-01T11:51:00
voter806,candidateB,2024-06-01T15:00:00
voter807,candidateC,2024-06-01T03:16:00
voter808,candidateA,2024-06-01T08:57:00
voter809,candidateA,2024-06-01T14:51:00
voter810,candidateB,2024-06-01T22:37:00
voter811,candidateA,2024-06-01T17:29:00
voter812,candidateC,2024-06-01T16:21:00
voter813,candidateB,2024-06-01T18:06:00
voter814,candidateA,2024-06-01T04:56:00
voter815,candidateB,2024-06-01T10:43:00
voter816,candidateB,2024-06-01T17:09:00
voter817,candidateB,2024-06-01T13:00:00
voter818,candidateB,2024-06-01T06:25:00
voter819,candidateC,2024-06-01T20:09:00
voter820,candidateB,2024-06-01T12:15:00
voter821,candidateB,2024-06-01T04:52:00
voter822,candidateA,2024-06-01T04:15:00
voter823,candidateA,2024-06-01T23:23:00
voter824,candidateC,2024-06-01T07:09:00
voter825,candidateB,2024-06-01T23:21:00
voter826,candidateA,2024-06-01T22:19:00
voter827,candidateA,2024-06-01T15:20:00
voter828,candidateA,2024-06-01T01:12:00
voter829,candidateA,2024-06-01T03:50:00
voter830,candidateC,2024-06-01T14:06:00
voter831,candidateB,2024-06-01T08:13:00
voter832,candidateA,2024-06-01T12:24:00
voter833,candidateC,2024-06-01T19:56:00
voter834,candidateC,2024-06-01T21:52:00
voter835,candidateA,2024-06-01T14:03:00
voter836,candidateB,2024-06-01T18:15:00
voter837,candidateB,2024-06-01T05:09:00
voter838,candidateB,2024-06-01T04:33:00
voter839,candidateC,2024-06-01T20:17:00
voter840,candidateC,2024-06-01T23:23:00
voter841,candidateA,2024-06-01T19:51:00
voter842,candidateB,2024-06-01T03:45:00
voter843,candidateB,2024-06-01T23:51:00
voter844,candidateA,2024-06-01T23:26:00
voter845,candidateA,2024-06-01T03:08:00
voter846,candidateA,2024-06-01T12:01:00
voter847,candidateC,2024-06-01T17:39:00
voter848,candidateA,2024-06-01T20:41:00
voter849,candidateC,2024-06-01T04:33:00
voter850,candidateB,2024-06-01T01:13:00
voter851,candidateA,2024-06-01T05:33:00
voter852,candidateA,2024-06-01T23:09:00
voter853,candidateA,2024-06-01T18:04:00
voter854,candidateA,2024-06-01T01:00:00
voter855,candidateC,2024-06-01T13:10:00
voter856,candidateB,2024-06-01T00:02:00
voter857,candidateA,2024-06-01T12:06:00
voter858,candidateA,2024-06-01T04:13:00
voter859,candidateC,2024-06-01T20:36:00
voter860,candidateA,2024-06-01T23:02:00
voter861,candidateB,2024-06-01T17:32:00
voter862,candidateA,2024-06-01T15:34:00
voter863,candidateB,2024-06-01T04:54:00
voter864,candidateA,2024-06-01T07:56:00
voter865,candidateA,2024-06-01T23:48:00
voter866,candidateC,2024-06-01T15:34:00
voter867,candidateC,2024-06-01T09:30:00
voter868,candidateA,2024-06-01T02:45:00
voter869,candidateC,2024-06-01T06:43:00
voter870,candidateC,2024-06-01T16:38:00
voter871,candidateC,2024-06-01T07:26:00
voter872,candidateB,2024-06-01T07:54:00
voter873,candidateA,2024-06-01T09:54:00
voter874,candidateB,2024-06-01T01:57:00
voter875,candidateB,2024-06-01T02:55:00
voter876,candidateC,2024-06-01T19:08:00
voter877,candidateC,2024-06-01T07:04:00
voter878,candidateA,2024-06-01T19:02:00
voter879,candidateA,2024-06-01T09:04:00
voter880,candidateB,2024-06-01T05:44:00
voter881,candidateB,2024-06-01T03:17:00
voter882,candidateA,2024-06-01T15:01:00
voter883,candidateB,2024-06-01T14:53:00
voter884,candidateC,2024-06-01T18:56:00
voter885,candidateB,2024-06-01T05:00:00
voter886,candidateA,2024-06-01T07:27:00
voter887,candidateB,2024-06-01T05:13:00
voter888,candidateB,2024-06-01T14:09:00
voter889,candidateC,2024-06-01T01:39:00
voter890,candidateB,2024-06-01T01:36:00
voter891,candidateC,2024-06-01T15:20:00
voter892,candidateC,2024-06-01T12:33:00
voter893,candidateC,2024-06-01T20:12:00
voter894,candidateB,2024-06-01T21:26:00
voter895,candidateB,2024-06-01T01:59:00
voter896,candidateA,2024-06-01T16:53:00
voter897,candidateA,2024-06-01T15:34:00
voter898,candidateB,2024-06-01T17:40:00
voter899,candidateA,2024-06-01T20:06:00
voter900,candidateA,2024-06-01T09:34:00
voter901,candidateB,2024-06-01T00:03:00
voter902,candidateB,2024-06-01T15:22:00
voter903,candidateC,2024-06-01T11:11:00
voter904,candidateC,2024-06-01T16:17:00
voter905,candidateC,2024-06-01T05:46:00
voter906,candidateC,2024-06-01T02:24:00
voter907,candidateC,2024-06-01T19:33:00
voter908,candidateA,2024-06-01T17:38:00
voter909,candidateC,2024-06-01T21:43:00
voter910,candidateB,2024-06-01T12:31:00
voter911,candidateB,2024-06-01T04:45:00
voter912,candidateC,2024-06-01T09:17:00
voter913,candidateB,2024-06-01T03:51:00
voter914,candidateB,2024-06-01T10:55:00
voter915,candidateA,2024-06-01T09:34:00
voter916,candidateC,2024-06-01T08:13:00
voter917,candidateB,2024-06-01T02:47:00
voter918,candidateB,2024-06-01T17:26:00
voter919,candidateC,2024-06-01T16:42:00
voter920,candidateA,2024-06-01T19:42:00
voter921,candidateC,2024-06-01T08:11:00
voter922,candidateB,2024-06-01T13:33:00
voter923,candidateB,2024-06-01T04:31:00
voter924,candidateA,2024-06-01T20:30:00
voter925,candidateB,2024-06-01T03:13:00
voter926,candidateC,2024-06-01T01:14:00
voter927,candidateA,2024-06-01T13:00:00
voter928,candidateC,2024-06-01T08:46:00
voter929,candidateB,2024-06-01T02:51:00
voter930,candidateC,2024-06-01T23:18:00
voter931,candidateA,2024-06-01T07:45:00
voter932,candidateB,2024-06-01T04:43:00
voter933,candidateB,2024-06-01T13:04:00
voter934,candidateA,2024-06-01T11:29:00
voter935,candidateC,2024-06-01T01:13:00
voter936,candidateA,2024-06-01T07:09:00
voter937,candidateB,2024-06-01T16:58:00
voter938,candidateB,2024-06-01T16:41:00
voter939,candidateC,2024-06-01T12:51:00
voter940,candidateB,2024-06-01T19:11:00
voter941,candidateB,2024-06-01T01:08:00
voter942,candidateB,2024-06-01T00:33:00
voter943,candidateC,2024-06-01T23:25:00
voter944,candidateB,2024-06-01T19:59:00
voter945,candidateC,2024-06-01T22:45:00
voter946,candidateC,2024-06-01T05:46:00
voter947,candidateC,2024-06-01T07:57:00
voter948,candidateA,2024-06-01T08:38:00
voter949,candidateA,2024-06-01T21:29:00
voter950,candidateB,2024-06-01T17:15:00
voter951,candidateB,2024-06-01T21:22:00
voter952,candidateB,2024-06-01T02:17:00
voter953,candidateC,2024-06-01T19:30:00
voter954,candidateB,2024-06-01T21:43:00
voter955,candidateB,2024-06-01T23:11:00
voter956,candidateC,2024-06-01T03:07:00
voter957,candidateC,2024-06-01T06:05:00
voter958,candidateC,2024-06-01T21:19:00
voter959,candidateA,2024-06-01T02:37:00
voter960,candidateC,2024-06-01T00:29:00
voter961,candidateC,2024-06-01T20:51:00
voter962,candidateC,2024-06-01T09:25:00
voter963,candidateB,2024-06-01T06:22:00
voter964,candidateC,2024-06-01T17:51:00
voter965,candidateC,2024-06-01T15:16:00
voter966,candidateB,2024-06-01T15:48:00
voter967,candidateB,2024-06-01T23:52:00
voter968,candidateB,2024-06-01T01:30:00
voter969,candidateC,2024-06-01T00:11:00
voter970,candidateC,2024-06-01T06:07:00
voter971,candidateA,2024-06-01T16:05:00
voter972,candidateC,2024-06-01T03:53:00
voter973,candidateB,2024-06-01T13:54:00
voter974,candidateC,2024-06-01T09:39:00
voter975,candidateB,2024-06-01T05:28:00
voter976,candidateA,2024-06-01T07:40:00
voter977,candidateB,2024-06-01T04:03:00
voter978,candidateA,2024-06-01T01:03:00
voter979,candidateC,2024-06-01T00:49:00
voter980,candidateC,2024-06-01T00:40:00
voter981,candidateB,2024-06-01T01:02:00
voter982,candidateB,2024-06-01T11:28:00
voter983,candidateA,2024-06-01T05:09:00
voter984,candidateA,2024-06-01T06:51:00
voter985,candidateC,2024-06-01T06:44:00
voter986,candidateA,2024-06-01T07:50:00
voter987,candidateB,2024-06-01T06:43:00
voter988,candidateA,2024-06-01T08:11:00
voter989,candidateA,2024-06-01T07:40:00
voter990,candidateC,2024-06-01T05:50:00
voter991,candidateB,2024-06-01T12:20:00
voter992,candidateA,2024-06-01T17:49:00
voter993,candidateB,2024-06-01T01:08:00
voter994,candidateA,2024-06-01T06:47:00
voter995,candidateB,2024-06-01T16:15:00
voter996,candidateB,2024-06-01T23:41:00
voter997,candidateA,2024-06-01T11:18:00
voter998,candidateB,2024-06-01T03:19:00
voter999,candidateC,2024-06-01T05:49:00
voter1000,candidateB,2024-06-01T15:37:00
voter1001,candidateD,2024-12-27T06:30:59
voter1002,candidateE,2024-02-21T14:01:04
voter1003,candidateE,2024-02-24T13:16:44
voter1004,candidateE,2024-01-19T12:36:42
voter1005,candidateE,2024-02-03T00:30:40
voter1006,candidateC,2024-09-07T18:01:20
voter1007,candidateC,2024-04-08T18:51:39
voter1008,candidateD,2024-08-06T04:51:43
voter1009,candidateA,2024-06-02T00:46:59
voter1010,candidateE,2024-10-06T04:55:58
voter1011,candidateD,2024-05-18T04:33:12
voter1012,candidateB,2024-07-11T19:21:44
voter1013,candidateE,2024-04-09T02:38:11
voter1014,candidateE,2024-06-28T15:34:34
voter1015,candidateC,2024-01-01T07:24:45
voter1016,candidateC,2024-10-28T02:23:40
voter1017,candidateA,2024-01-30T20:33:44
voter1018,candidateC,2024-06-19T08:41:51
voter1019,candidateA,2024-04-09T01:56:07
voter1020,candidateA,2024-04-27T09:32:04
voter1021,candidateD,2024-10-24T11:27:50
voter1022,candidateA,2024-08-30T02:01:04
voter1023,candidateC,2024-08-08T15:32:49
voter1024,candidateE,2024-09-07T10:35:52
voter1025,candidateA,2024-10-21T03:13:42
voter1026,candidateA,2024-08-21T16:48:05
voter1027,candidateC,2024-03-03T06:57:44
voter1028,candidateD,2024-12-16T03:39:55
voter1029,candidateA,2024-10-24T00:55:11
voter1030,candidateE,2024-01-10T02:41:56
voter1031,candidateA,2024-07-25T02:06:09
voter1032,candidateE,2024-11-14T11:51:58
voter1033,candidateD,2024-11-08T11:06:50
voter1034,candidateC,2024-05-24T13:45:41
voter1035,candidateC,2024-11-06T03:45:11
voter1036,candidateA,2024-05-09T08:07:10
voter1037,candidateC,2024-09-29T17:01:57
voter1038,candidateA,2024-09-23T21:53:48
voter1039,candidateB,2024-06-11T03:01:17
voter1040,candidateC,2024-07-15T09:50:27
voter1041,candidateD,2024-08-09T02:29:27
voter1042,candidateE,2024-06-30T00:05:29
voter1043,candidateD,2024-07-03T17:50:14
voter1044,candidateE,2024-09-29T13:23:53
voter1045,candidateC,2024-09-29T00:47:28
voter1046,candidateB,2024-12-24T23:43:30
voter1047,candidateB,2024-08-09T16:30:48
voter1048,candidateE,2024-05-02T02:59:56
voter1049,candidateB,2024-08-23T05:57:58
voter1050,candidateB,2024-03-26T20:38:10
voter1051,candidateE,2024-05-06T17:28:08
voter1052,candidateD,2024-07-21T18:10:32
voter1053,candidateB,2024-11-25T04:21:29
voter1054,candidateB,2024-09-30T21:31:57
voter1055,candidateD,2024-08-22T20:41:50
voter1056,candidateE,2024-07-04T07:04:29
voter1057,candidateE,2024-07-01T13:42:34
voter1058,candidateC,2024-12-28T10:11:57
voter1059,candidateE,2024-05-03T22:47:07
voter1060,candidateC,2024-01-05T08:08:18
voter1061,candidateB,2024-05-15T05:10:37
voter1062,candidateD,2024-02-12T14:51:39
voter1063,candidateA,2024-04-15T20:36:56
voter1064,candidateB,2024-05-14T17:31:35
voter1065,candidateB,2024-09-24T23:47:35
voter1066,candidateE,2024-11-18T11:43:48
voter1067,candidateA,2024-12-13T04:19:18
voter1068,candidateD,2024-11-23T14:57:41
voter1069,candidateD,2024-10-26T23:16:34
voter1070,candidateB,2024-02-19T18:18:30
voter1071,candidateD,2024-11-18T09:31:02
voter1072,candidateC,2024-01-23T08:58:29
voter1073,candidateB,2024-10-25T07:48:21
voter1074,candidateE,2024-02-11T08:40:49
voter1075,candidateA,2024-08-01T17:41:12
voter1076,candidateD,2024-04-26T22:14:51
voter1077,candidateB,2024-12-02T00:23:04
voter1078,candidateB,2024-03-01T13:40:24
voter1079,candidateD,2024-04-11T16:09:17
voter1080,candidateA,2024-08-01T11:41:09
voter1081,candidateA,2024-11-02T00:51:13
voter1082,candidateD,2024-08-19T16:58:25
voter1083,candidateE,2024-12-07T12:33:48
voter1084,candidateD,2024-12-11T22:26:03
voter1085,candidateE,2024-03-11T02:25:30
voter1086,candidateC,2024-05-18T00:21:09
voter1087,candidateD,2024-03-28T09:10:51
voter1088,candidateD,2024-06-12T18:55:55
voter1089,candidateE,2024-11-06T08:54:01
voter1090,candidateA,2024-04-29T09:22:04
voter1091,candidateD,2024-01-14T23:27:50
voter1092,candidateD,2024-08-11T16:13:46
voter1093,candidateA,2024-09-04T05:10:25
voter1094,candidateC,2024-12-17T03:09:13
voter1095,candidateE,2024-11-16T21:37:16
voter1096,candidateA,2024-06-10T08:42:57
voter1097,candidateD,2024-02-12T23:12:24
voter1098,candidateB,2024-01-11T11:00:08
voter1099,candidateC,2024-10-30T20:09:57
voter1100,candidateE,2024-05-23T10:41:44
voter1101,candidateE,2024-02-16T16:58:55
voter1102,candidateC,2024-12-02T12:44:15
voter1103,candidateC,2024-02-06T17:49:46
voter1104,candidateC,2024-08-21T10:41:15
voter1105,candidateE,2024-01-27T02:58:50
voter1106,candidateC,2024-06-19T08:40:22
voter1107,candidateB,2024-01-12T00:23:09
voter1108,candidateC,2024-03-22T22:17:46
voter1109,candidateC,2024-05-12T06:24:02
voter1110,candidateD,2024-11-17T07:11:03
voter1111,candidateD,2024-12-28T23:32:15
voter1112,candidateC,2024-11-14T14:29:23
voter1113,candidateD,2024-08-23T10:12:25
voter1114,candidateC,2024-07-08T08:48:15
voter1115,candidateB,2024-07-27T04:21:55
voter1116,candidateE,2024-06-05T06:18:07
voter1117,candidateE,2024-01-11T16:33:50
voter1118,candidateD,2024-04-12T20:32:53
voter1119,candidateC,2024-11-03T21:27:31
voter1120,candidateC,2024-09-29T21:53:28
voter1121,candidateD,2024-04-11T22:15:49
voter1122,candidateE,2024-10-12T10:29:10
voter1123,candidateC,2024-01-22T08:18:37
voter1124,candidateC,2024-10-29T05:43:53
voter1125,candidateE,2024-05-14T04:36:08
voter1126,candidateB,2024-08-07T16:46:48
voter1127,candidateD,2024-06-14T19:52:02
voter1128,candidateB,2024-07-16T08:51:56
voter1129,candidateC,2024-07-31T04:07:51
voter1130,candidateA,2024-08-19T00:55:11
voter1131,candidateC,2024-03-11T07:35:15
voter1132,candidateE,2024-05-17T15:43:22
voter1133,candidateD,2024-10-02T03:42:15
voter1134,candidateB,2024-09-02T08:45:52
voter1135,candidateE,2024-11-21T00:26:51
voter1136,candidateE,2024-09-19T19:22:16
voter1137,candidateB,2024-01-12T05:07:37
voter1138,candidateC,2024-08-09T10:23:21
voter1139,candidateE,2024-12-12T19:58:11
voter1140,candidateD,2024-12-20T22:45:48
voter1141,candidateA,2024-11-26T13:58:13
voter1142,candidateD,2024-11-11T21:49:31
voter1143,candidateE,2024-02-20T15:26:51
voter1144,candidateA,2024-11-28T10:04:52
voter1145,candidateD,2024-08-17T08:42:42
voter1146,candidateD,2024-07-24T00:49:35
voter1147,candidateA,2024-10-10T11:59:29
voter1148,candidateE,2024-10-06T16:48:28
voter1149,candidateE,2024-12-03T21:45:48
voter1150,candidateE,2024-01-10T23:34:56
voter1151,candidateE,2024-04-09T18:33:44
voter1152,candidateC,2024-10-31T21:15:23
voter1153,candidateE,2024-07-25T22:44:45
voter1154,candidateC,2024-09-03T08:27:57
voter1155,candidateB,2024-02-06T17:14:22
voter1156,candidateB,2024-08-03T01:29:00
voter1157,candidateD,2024-09-25T13:29:17
voter1158,candidateD,2024-05-02T04:50:15
voter1159,candidateD,2024-03-31T13:41:41
voter1160,candidateA,2024-07-28T05:58:59
voter1161,candidateB,2024-12-09T04:53:00
voter1162,candidateC,2024-08-26T19:50:13
voter1163,candidateB,2024-05-23T21:53:41
voter1164,candidateE,2024-03-10T04:05:21
voter1165,candidateA,2024-08-16T04:41:49
voter1166,candidateD,2024-02-21T13:05:48
voter1167,candidateB,2024-06-06T09:43:26
voter1168,candidateA,2024-07-13T21:16:13
voter1169,candidateC,2024-03-22T07:02:37
voter1170,candidateC,2024-09-30T21:54:29
voter1171,candidateB,2024-10-17T01:12:57
voter1172,candidateA,2024-03-17T16:02:46
voter1173,candidateA,2024-09-16T20:53:48
voter1174,candidateD,2024-03-14T23:44:56
voter1175,candidateE,2024-10-10T12:22:23
voter1176,candidateE,2024-07-15T06:56:39
voter1177,candidateD,2024-07-12T09:59:26
voter1178,candidateA,2024-07-06T14:28:06
voter1179,candidateB,2024-09-17T04:44:02
voter1180,candidateA,2024-12-02T20:34:50
voter1181,candidateB,2024-05-20T07:28:40
voter1182,candidateC,2024-11-01T08:28:32
voter1183,candidateA,2024-06-24T14:37:32
voter1184,candidateC,2024-12-28T22:28:02
voter1185,candidateC,2024-05-25T14:51:48
voter1186,candidateC,2024-08-30T10:34:05
voter1187,candidateC,2024-11-23T13:35:51
voter1188,candidateD,2024-07-01T06:10:35
voter1189,candidateC,2024-11-15T10:10:39
voter1190,candidateC,2024-08-14T14:07:28
voter1191,candidateD,2024-08-05T00:06:23
voter1192,candidateE,2024-11-02T04:48:25
voter1193,candidateD,2024-11-04T22:18:33
voter1194,candidateB,2024-08-03T18:50:45
voter1195,candidateD,2024-09-01T15:25:26
voter1196,candidateB,2024-11-12T13:22:47
voter1197,candidateC,2024-03-06T10:53:01
voter1198,candidateC,2024-08-01T19:07:46
voter1199,candidateC,2024-12-25T10:44:57
voter1200,candidateA,2024-06-09T13:48:24
voter1201,candidateD,2024-09-16T04:06:13
voter1202,candidateB,2024-09-15T23:46:49
voter1203,candidateA,2024-01-11T04:10:57
voter1204,candidateA,2024-08-19T13:09:25
voter1205,candidateC,2024-12-26T22:37:41
voter1206,candidateD,2024-08-25T17:51:48
voter1207,candidateC,2024-04-05T04:00:54
voter1208,candidateA,2024-10-27T22:09:08
voter1209,candidateE,2024-03-02T16:46:03
voter1210,candidateA,2024-01-23T07:40:01
voter1211,candidateB,2024-04-23T01:54:19
voter1212,candidateC,2024-08-23T01:01:15
voter1213,candidateC,2024-09-24T23:30:24
voter1214,candidateB,2024-01-22T07:14:08
voter1215,candidateD,2024-05-17T16:03:10
voter1216,candidateA,2024-05-23T02:43:34
voter1217,candidateC,2024-11-11T02:01:16
voter1218,candidateA,2024-03-23T08:45:22
voter1219,candidateC,2024-09-03T16:34:20
voter1220,candidateC,2024-06-24T05:08:05
voter1221,candidateB,2024-04-15T02:46:09
voter1222,candidateB,2024-09-10T14:35:53
voter1223,candidateC,2024-10-30T22:01:14
voter1224,candidateC,2024-07-08T07:31:07
voter1225,candidateE,2024-01-22T00:39:59
voter1226,candidateD,2024-09-09T13:39:55
voter1227,candidateC,2024-12-15T22:45:35
voter1228,candidateC,2024-08-13T17:01:38
voter1229,candidateB,2024-10-31T07:12:10
voter1230,candidateE,2024-10-13T15:00:10
voter1231,candidateC,2024-10-19T03:41:41
voter1232,candidateC,2024-02-10T04:40:57
voter1233,candidateD,2024-11-29T15:41:12
voter1234,candidateD,2024-10-29T02:06:18
voter1235,candidateC,2024-02-23T01:19:30
voter1236,candidateC,2024-04-23T08:06:02
voter1237,candidateB,2024-04-02T14:39:23
voter1238,candidateA,2024-01-22T10:08:44
voter1239,candidateB,2024-05-26T11:12:26
voter1240,candidateA,2024-11-09T13:24:48
voter1241,candidateE,2024-09-14T09:33:08
voter1242,candidateE,2024-02-04T08:01:05
voter1243,candidateD,2024-09-25T08:57:00
voter1244,candidateD,2024-07-30T05:17:11
voter1245,candidateA,2024-01-25T15:46:25
voter1246,candidateC,2024-01-19T07:09:20
voter1247,candidateA,2024-10-01T08:44:52
voter1248,candidateD,2024-06-22T12:39:29
voter1249,candidateA,2024-06-03T05:53:23
voter1250,candidateC,2024-05-18T19:22:02
voter1251,candidateA,2024-03-05T12:03:27
voter1252,candidateC,2024-06-13T03:37:52
voter1253,candidateC,2024-09-22T19:53:51
voter1254,candidateA,2024-05-28T15:46:03
voter1255,candidateD,2024-09-13T17:19:47
voter1256,candidateB,2024-06-30T12:32:35
voter1257,candidateC,2024-12-27T20:36:20
voter1258,candidateA,2024-08-07T00:11:15
voter1259,candidateA,2024-10-27T06:16:14
voter1260,candidateB,2024-02-25T02:14:12
voter1261,candidateC,2024-09-21T17:33:19
voter1262,candidateB,2024-04-21T03:36:26
voter1263,candidateE,2024-10-31T14:19:06
voter1264,candidateC,2024-05-08T05:19:20
voter1265,candidateB,2024-09-28T19:21:28
voter1266,candidateC,2024-09-29T21:54:07
voter1267,candidateB,2024-12-23T14:30:16
voter1268,candidateA,2024-12-15T01:07:55
voter1269,candidateC,2024-12-22T15:46:37
voter1270,candidateC,2024-11-07T22:37:13
voter1271,candidateA,2024-01-12T09:52:37
voter1272,candidateA,2024-04-07T22:52:39
voter1273,candidateE,2024-04-30T13:10:56
voter1274,candidateA,2024-04-03T23:18:50
voter1275,candidateC,2024-07-11T04:48:32
voter1276,candidateE,2024-01-28T18:05:01
voter1277,candidateC,2024-08-22T15:53:27
voter1278,candidateC,2024-04-23T22:57:06
voter1279,candidateE,2024-02-08T02:40:40
voter1280,candidateE,2024-11-28T21:21:41
voter1281,candidateC,2024-09-26T23:38:17
voter1282,candidateE,2024-08-14T00:15:55
voter1283,candidateC,2024-05-22T06:37:18
voter1284,candidateC,2024-03-18T18:19:35
voter1285,candidateC,2024-03-22T11:44:08
voter1286,candidateC,2024-09-14T03:07:05
voter1287,candidateC,2024-06-11T05:13:08
voter1288,candidateB,2024-09-24T10:43:59
voter1289,candidateE,2024-04-27T04:27:46
voter1290,candidateE,2024-08-02T23:42:46
voter1291,candidateD,2024-05-12T11:08:49
voter1292,candidateA,2024-11-02T09:56:32
voter1293,candidateE,2024-03-10T20:51:05
voter1294,candidateC,2024-01-20T16:24:13
voter1295,candidateC,2024-08-29T20:14:24
voter1296,candidateE,2024-01-20T02:35:24
voter1297,candidateE,2024-01-04T04:58:56
voter1298,candidateA,2024-11-18T12:54:40
voter1299,candidateB,2024-06-05T10:34:36
voter1300,candidateB,2024-11-18T00:59:16
voter1301,candidateC,2024-10-18T21:58:53
voter1302,candidateA,2024-12-21T07:25:31
voter1303,candidateC,2024-08-22T01:11:40
voter1304,candidateB,2024-06-23T17:54:35
voter1305,candidateC,2024-12-11T00:40:20
voter1306,candidateE,2024-06-28T13:13:08
voter1307,candidateC,2024-07-13T20:20:54
voter1308,candidateD,2024-10-23T23:26:14
voter1309,candidateA,2024-03-14T09:45:28
voter1310,candidateD,2024-01-02T04:43:59
voter1311,candidateE,2024-06-22T08:41:23
voter1312,candidateC,2024-12-19T20:25:06
voter1313,candidateB,2024-10-08T02:41:49
voter1314,candidateC,2024-02-11T21:56:13
voter1315,candidateA,2024-11-21T23:06:49
voter1316,candidateD,2024-06-24T13:00:03
voter1317,candidateE,2024-11-02T12:29:57
voter1318,candidateC,2024-05-25T04:31:00
voter1319,candidateC,2024-06-22T18:00:46
voter1320,candidateE,2024-05-18T19:39:57
voter1321,candidateD,2024-02-03T20:44:19
voter1322,candidateC,2024-05-31T05:55:26
voter1323,candidateE,2024-03-29T14:52:04
voter1324,candidateA,2024-01-26T06:10:32
voter1325,candidateE,2024-01-07T16:26:07
voter1326,candidateC,2024-07-12T11:30:14
voter1327,candidateE,2024-06-05T09:19:17
voter1328,candidateE,2024-01-23T00:13:43
voter1329,candidateA,2024-08-17T04:09:38
voter1330,candidateB,2024-02-01T03:28:33
voter1331,candidateD,2024-08-03T21:08:25
voter1332,candidateC,2024-10-09T11:06:46
voter1333,candidateE,2024-03-14T12:41:36
voter1334,candidateD,2024-06-23T23:27:37
voter1335,candidateB,2024-09-21T23:59:46
voter1336,candidateE,2024-05-08T16:16:04
voter1337,candidateB,2024-03-05T21:57:13
voter1338,candidateA,2024-06-27T06:36:36
voter1339,candidateC,2024-04-17T05:54:37
voter1340,candidateD,2024-12-24T21:09:05
voter1341,candidateE,2024-05-05T13:26:52
voter1342,candidateC,2024-01-26T16:51:59
voter1343,candidateD,2024-12-19T04:28:28
voter1344,candidateA,2024-02-01T19:07:25
voter1345,candidateA,2024-07-05T19:49:56
voter1346,candidateE,2024-11-26T14:34:21
voter1347,candidateC,2024-10-16T06:35:24
voter1348,candidateA,2024-08-21T20:19:07
voter1349,candidateE,2024-07-14T00:18:30
voter1350,candidateD,2024-08-07T05:59:36
voter1351,candidateC,2024-02-02T17:55:23
voter1352,candidateC,2024-12-07T16:27:19
voter1353,candidateE,2024-05-20T09:53:41
voter1354,candidateC,2024-11-30T17:15:07
voter1355,candidateC,2024-12-20T03:12:58
voter1356,candidateA,2024-10-18T13:05:43
voter1357,candidateA,2024-03-10T17:16:23
voter1358,candidateD,2024-10-27T16:23:07
voter1359,candidateB,2024-08-22T16:52:16
voter1360,candidateE,2024-01-03T05:18:47
voter1361,candidateB,2024-12-15T09:10:21
voter1362,candidateE,2024-12-01T17:28:08
voter1363,candidateD,2024-09-30T17:05:59
voter1364,candidateA,2024-01-20T16:54:00
voter1365,candidateE,2024-04-12T06:12:41
voter1366,candidateC,2024-02-14T20:50:14
voter1367,candidateE,2024-03-29T07:33:24
voter1368,candidateE,2024-06-20T06:14:29
voter1369,candidateC,2024-12-22T04:28:04
voter1370,candidateE,2024-07-26T06:15:26
voter1371,candidateA,2024-12-06T09:39:08
voter1372,candidateC,2024-08-03T05:18:30
voter1373,candidateC,2024-01-03T09:07:09
voter1374,candidateC,2024-10-27T15:03:01
voter1375,candidateD,2024-02-08T05:28:33
voter1376,candidateA,2024-05-25T18:07:24
voter1377,candidateD,2024-12-04T23:11:23
voter1378,candidateA,2024-01-08T14:08:36
voter1379,candidateE,2024-05-20T11:15:45
voter1380,candidateA,2024-07-25T12:18:51
voter1381,candidateD,2024-12-04T04:16:23
voter1382,candidateB,2024-10-20T20:44:47
voter1383,candidateB,2024-11-23T13:26:46
voter1384,candidateE,2024-01-20T18:01:35
voter1385,candidateD,2024-06-17T06:43:27
voter1386,candidateC,2024-03-17T16:36:10
voter1387,candidateD,2024-09-12T13:03:26
voter1388,candidateB,2024-09-12T15:59:27
voter1389,candidateE,2024-05-26T00:29:16
voter1390,candidateC,2024-04-19T16:51:17
voter1391,candidateE,2024-02-15T23:06:14
voter1392,candidateC,2024-05-20T23:03:46
voter1393,candidateC,2024-01-28T23:28:40
voter1394,candidateC,2024-05-05T00:57:04
voter1395,candidateD,2024-01-15T15:59:34
voter1396,candidateB,2024-07-14T09:51:34
voter1397,candidateE,2024-06-15T23:13:40
voter1398,candidateC,2024-06-27T08:21:01
voter1399,candidateC,2024-09-21T19:36:41
voter1400,candidateD,2024-03-22T15:03:41
voter1401,candidateC,2024-09-30T11:12:45
voter1402,candidateA,2024-12-13T02:05:54
voter1403,candidateB,2024-11-03T01:24:24
voter1404,candidateC,2024-01-26T19:01:26
voter1405,candidateB,2024-02-20T17:59:53
voter1406,candidateA,2024-01-23T05:25:50
voter1407,candidateC,2024-09-07T20:11:24
voter1408,candidateA,2024-10-13T11:47:45
voter1409,candidateA,2024-08-04T16:48:37
voter1410,candidateC,2024-02-14T06:43:44
voter1411,candidateA,2024-05-23T20:33:15
voter1412,candidateD,2024-05-29T01:52:31
voter1413,candidateB,2024-05-19T05:03:58
voter1414,candidateC,2024-02-22T01:51:24
voter1415,candidateC,2024-05-29T22:30:40
voter1416,candidateE,2024-04-28T02:09:38
voter1417,candidateD,2024-05-11T03:02:50
voter1418,candidateC,2024-04-24T14:00:09
voter1419,candidateE,2024-07-28T03:07:22
voter1420,candidateB,2024-09-06T06:56:45
voter1421,candidateB,2024-03-11T15:32:37
voter1422,candidateA,2024-12-12T20:39:40
voter1423,candidateA,2024-04-21T02:11:46
voter1424,candidateB,2024-07-20T10:16:28
voter1425,candidateE,2024-05-13T03:00:26
voter1426,candidateB,2024-12-23T06:32:16
voter1427,candidateA,2024-09-28T08:12:32
voter1428,candidateC,2024-03-05T11:35:51
voter1429,candidateC,2024-04-06T22:34:06
voter1430,candidateB,2024-12-25T17:01:40
voter1431,candidateC,2024-07-03T00:26:09
voter1432,candidateB,2024-10-17T18:18:13
voter1433,candidateB,2024-03-08T11:30:37
voter1434,candidateE,2024-11-10T08:13:26
voter1435,candidateC,2024-08-20T14:55:25
voter1436,candidateD,2024-02-01T04:05:44
voter1437,candidateA,2024-02-15T08:16:55
voter1438,candidateC,2024-12-06T07:37:29
voter1439,candidateA,2024-09-08T02:20:22
voter1440,candidateD,2024-12-14T02:18:50
voter1441,candidateA,2024-01-29T02:34:11
voter1442,candidateA,2024-09-18T19:01:37
voter1443,candidateB,2024-05-26T20:05:06
voter1444,candidateB,2024-09-16T17:50:06
voter1445,candidateA,2024-04-21T08:15:05
voter1446,candidateE,2024-03-19T19:45:21
voter1447,candidateD,2024-01-10T22:04:39
voter1448,candidateB,2024-11-10T21:37:09
voter1449,candidateD,2024-04-22T22:14:28
voter1450,candidateA,2024-11-18T17:43:20
voter1451,candidateC,2024-06-10T07:56:25
voter1452,candidateB,2024-02-25T03:25:19
voter1453,candidateC,2024-09-28T18:10:06
voter1454,candidateC,2024-04-07T18:26:54
voter1455,candidateA,2024-11-15T03:34:30
voter1456,candidateA,2024-06-29T13:30:25
voter1457,candidateA,2024-05-10T16:35:36
voter1458,candidateC,2024-02-19T13:05:56
voter1459,candidateD,2024-01-09T23:14:41
voter1460,candidateC,2024-08-08T01:27:38
voter1461,candidateC,2024-01-27T05:05:50
voter1462,candidateA,2024-04-06T23:54:58
voter1463,candidateB,2024-07-18T13:02:08
voter1464,candidateD,2024-03-05T01:26:36
voter1465,candidateC,2024-04-07T03:59:42
voter1466,candidateC,2024-11-05T03:11:45
voter1467,candidateE,2024-10-23T12:55:29
voter1468,candidateC,2024-11-16T08:43:30
voter1469,candidateA,2024-12-23T01:32:58
voter1470,candidateB,2024-09-23T09:22:20
voter1471,candidateE,2024-03-07T20:53:35
voter1472,candidateC,2024-04-06T03:32:43
voter1473,candidateB,2024-04-17T18:16:12
voter1474,candidateD,2024-07-22T08:40:21
voter1475,candidateC,2024-11-23T08:58:28
voter1476,candidateC,2024-07-12T20:32:36
voter1477,candidateE,2024-01-03T13:10:06
voter1478,candidateB,2024-03-11T02:44:44
voter1479,candidateC,2024-10-29T01:34:44
voter1480,candidateD,2024-01-08T08:39:32
voter1481,candidateC,2024-11-19T16:09:27
voter1482,candidateA,2024-10-16T17:29:19
voter1483,candidateE,2024-03-26T13:36:49
voter1484,candidateB,2024-03-11T18:08:22
voter1485,candidateB,2024-04-02T16:35:43
voter1486,candidateA,2024-02-23T17:33:27
voter1487,candidateB,2024-05-13T04:16:14
voter1488,candidateA,2024-07-16T17:06:29
voter1489,candidateE,2024-11-26T00:03:07
voter1490,candidateB,2024-05-04T06:11:45
voter1491,candidateA,2024-01-27T06:58:21
voter1492,candidateA,2024-07-04T00:12:51
voter1493,candidateC,2024-03-15T06:37:04
voter1494,candidateC,2024-04-13T07:56:44
voter1495,candidateA,2024-05-15T00:56:23
voter1496,candidateC,2024-10-21T16:44:28
voter1497,candidateB,2024-07-03T20:25:06
voter1498,candidateD,2024-09-23T19:32:16
voter1499,candidateC,2024-06-27T21:27:07
voter1500,candidateD,2024-05-01T00:01:58
